{"cameraMode":{"drawMode":0,"name":"Shaded","section":"Shading Mode"},"sceneLighting":false,"audioPlay":false,"sceneViewState":{"showFog":true,"showMaterialUpdate":false,"showSkybox":false,"showFlares":true,"showImageEffects":true,"showParticleSystems":true},"in2DMode":false,"pivot":{"x":-0.19810007512569428,"y":0.0,"z":5.800000190734863},"rotation":{"x":-0.01830734871327877,"y":0.011095625348389149,"z":-0.000209299978450872,"w":-0.9997778534889221},"size":3.3605377674102785,"orthographic":false}